,pos,reads_all,matches,mismatches,deletions,insertions,A,C,T,G,A_fraction,T_fraction,G_fraction,C_fraction,MEAN
1,280,8045,7995,48,19,9,,16.0,13.0,19.0,,0.0013549740543186,0.0023922470450784,0.0019138202950295,2732.6666666666665
2,281,8045,7983,50,16,5,,24.0,4.0,24.0,,0.0006391540414648,0.0028749800521244,0.0023097259552171,2730.0
3,282,8049,7510,505,33,65,105.0,11.0,395.0,,0.0127503245614681,0.0490957746750992,,0.0009190099619184,2740.6666666666665
4,283,8042,7786,155,115,62,46.0,,93.0,31.0,0.0049600120920184,0.0109915672536669,0.0031860614950041,,2740.5
5,284,8048,7094,104,864,241,24.0,57.0,26.0,,0.0026868949950307,0.0024285862522491,,0.0067916290429814,2772.5
8,287,8044,4665,646,2743,69,68.0,287.0,,300.0,0.0073693858564429,,0.0371315312872099,0.035033763742725,2742.3333333333335
9,288,8046,3443,1867,2752,431,,200.0,27.0,1639.0,,0.0032248628841199,0.2037148342391697,0.0240111009603743,2804.5
11,290,8046,3381,2433,2246,24,,580.0,867.0,984.0,,0.1077893252992714,0.1221536243032452,0.071816577746314,2736.6666666666665
13,292,8044,3287,2506,2257,528,320.0,,573.0,1625.0,0.0388724762211701,0.0708402216308751,0.2014937089954968,,2819.0
14,293,8041,4264,1646,2136,44,614.0,440.0,,602.0,0.0757249445499078,,0.0741468603078826,0.0546669030950205,2737.3333333333335
16,295,8046,4449,2022,1580,22,241.0,,394.0,1387.0,0.030059470868954,0.0489881373661836,0.1713161723676233,,2735.6666666666665
17,296,8039,4870,1883,1308,50,,657.0,261.0,966.0,,0.0321699268977885,0.1192975230284854,0.0818413043231648,2741.0
19,298,8047,5939,769,1345,12,124.0,,266.0,394.0,0.0147542166522343,0.0320770327838275,0.0488815295955323,,2735.0
20,299,8043,6284,728,1053,60,210.0,197.0,,328.0,0.025404406692961,,0.0399774810248833,0.0240824272484011,2744.5
21,300,8049,6722,862,468,64,81.0,142.0,644.0,,0.0101779524044372,0.0791813680825675,,0.0172047150453812,2744.1666666666665
22,301,8050,6135,1395,516,51,100.0,483.0,825.0,,0.0113952564607717,0.1024062740814708,,0.0596176509997386,2741.3333333333335
24,303,8046,4343,2290,1422,40,,1423.0,504.0,372.0,,0.062155582954169,0.0456464324898196,0.1761470330379795,2740.6666666666665
25,304,8051,5310,1492,1248,63,204.0,361.0,,937.0,0.0247703544461295,,0.1154511185839451,0.0449525778922006,2744.6666666666665
26,305,8048,5360,1054,1641,36,91.0,265.0,714.0,,0.0102432460336995,0.0886618310087379,,0.0321325335446875,2740.6666666666665
27,306,8053,3056,2334,2659,217,,283.0,1333.0,736.0,,0.164835080958138,0.0912094089814387,0.0339547065358871,2770.8333333333335
28,307,8045,3052,1820,3191,71,498.0,451.0,872.0,,0.061580802831403,0.1078454934435471,,0.0560087266225099,2747.6666666666665
30,309,8055,3780,1947,2336,142,895.0,,404.0,660.0,0.1108287883942805,0.0493235270889715,0.08171091599426,,2761.5
32,311,8051,5029,1479,1558,90,272.0,575.0,634.0,,0.0333109253492922,0.0785084298326094,,0.0715931613025088,2753.0
33,312,8051,4745,1766,1556,159,294.0,308.0,,1175.0,0.0355792635178301,,0.145650764959745,0.0376266256978187,2764.8333333333335
34,313,8054,5037,1337,1687,66,329.0,274.0,733.0,,0.0405455714334523,0.0910098940978667,,0.0338473068114566,2749.0
35,314,8054,3643,1657,2762,14,912.0,409.0,351.0,,0.112144594370723,0.0431772419106972,,0.0502204943613452,2740.6666666666665
36,315,8053,3349,1532,3189,348,272.0,266.0,,1004.0,0.0327398324627686,,0.1246664751399436,0.0319129335653419,2797.6666666666665
41,320,8052,6290,584,1194,18,125.0,,215.0,250.0,0.0155158582534708,0.0255570710531454,0.0303062930252304,,2743.0
42,321,8059,6471,748,839,53,152.0,210.0,,403.0,0.0180400987995092,,0.049747344825522,0.0250201392112724,2748.5
43,322,8053,7298,451,315,243,141.0,170.0,151.0,,0.0174298035176787,0.0175976602866967,,0.0208732402055953,2780.3333333333335
44,323,8054,6753,996,315,78,122.0,169.0,717.0,,0.0141907705316382,0.0882746325829648,,0.0202342180985978,2753.1666666666665
45,324,8052,6893,667,508,49,103.0,301.0,272.0,,0.0119026602932252,0.0325687094492868,,0.0374657197104716,2748.8333333333335
46,325,8053,4383,1736,1938,206,,762.0,146.0,842.0,,0.0172718142615365,0.103763777580886,0.0940989987625275,2773.5
47,326,8055,4393,1294,2383,696,122.0,511.0,,663.0,0.0143738641906762,,0.0822881421176256,0.0633739670190257,2857.8333333333335
48,327,8057,2999,2869,2193,638,477.0,1220.0,,1183.0,0.058822043110259,,0.1457488560312409,0.1507413744376378,2847.1666666666665
49,328,8059,4922,983,2163,197,256.0,608.0,123.0,,0.0315069408902486,0.0152126815153413,,0.0749359159677332,2775.3333333333335
50,329,8062,4002,1807,2264,296,738.0,,361.0,717.0,0.0911093419991581,0.0443391257151974,0.0879927105115706,,2793.3333333333335
51,330,8061,4475,2183,1409,59,294.0,1285.0,,620.0,0.0358903846356896,,0.0765548993230874,0.1586851534694569,2752.8333333333335
53,332,8057,5381,1619,1066,88,408.0,,344.0,881.0,0.0502219098398785,0.0418201376510971,0.1089970394614799,,2757.1666666666665
54,333,8053,6251,949,868,25,170.0,519.0,,277.0,0.0207046345519694,,0.0333716689578086,0.0636303898633203,2746.5
55,334,8057,6850,544,675,6,,146.0,118.0,290.0,,0.0135465444953848,0.0354727612206206,0.0179370231809729,2744.3333333333335
56,335,8054,7341,259,459,26,49.0,,63.0,161.0,0.0054771351138016,0.0069802574976974,0.0199483722437698,,2745.6666666666665
57,336,8061,7278,367,423,3,97.0,157.0,,128.0,0.0110098226227102,,0.0150156602195282,0.0187783101649953,2744.6666666666665
58,337,8056,7542,471,58,7,,63.0,47.0,367.0,,0.0045837274190338,0.0454437228325354,0.0077672145610715,2745.1666666666665
59,338,8061,7967,62,29,5,17.0,,26.0,33.0,0.0010595428832119,0.0022069273021332,0.0039921243563298,,2743.6666666666665
60,339,8062,8002,48,14,3,14.0,14.0,33.0,,0.0010757793941388,0.0029526308905853,,0.001321978915733,2744.6666666666665
61,340,8061,7918,146,16,4,,75.0,43.0,33.0,,0.0053071200266755,0.0029505522411377,0.0088078083478534,2747.5
62,341,8059,7869,192,2,4,,134.0,37.0,17.0,,0.0042504894967012,0.0022426790333202,0.0166192649078105,2744.5
